Time(Iteration),PHEMultiArmedBandit
0,0.4404544674076346
1,0.8322761043520226
