Time(Iteration),PHEMultiArmedBandit
0,0.3261666467706351
1,0.7632906064826566
2,1.1777288340380943
3,1.6486568607836563
