Time(Iteration),PHEMultiArmedBandit
0,0.3350720263338184
1,0.7610515910559099
